Название,Шкаф,Секция,Полка,Что?
Шприцы,2,А,,
Системы,2,А,,
Пластыри cosmopor,2,А,,
Влажные салфетки,2,А,,
Детский крем,2,А,,
Присыпка,2,А,,
Ватные палочки,2,А,,
Зеленка,2,В,,
Йод ,2,В,,
Прокладки,2,В,,
Баночки для анализов,2,В,,
Моксонидин,3,А,,"сердце, гипертензия, нормализация
артериального давления"
Бисопролол,3,А,,"сердце, гипертония, сердечно-сосудистая
недостаточность"
Каптоприл,3,А,2,центр у стены 
Лозартан,3,А,,"сердце, артериальная гипертензия, профилактика
инсульта, диабета 2 типа и инфаркта"
Индапамид,3,А,4,"сердце, гипертония, артериальная гипертензия, 
хроническая сердечная недостаточность, 
эссенциальная гипертензия"
Амлодипин,3,А,,"сердце, антиангинальное, гипотензивное действие"
Метопролол,3,А,,правый верхний угол
Лизиноприл,3,А,2,"слева нижний угол, возле холитилина "
Эликвис,3,А,,"сердце, тромбы, антикоагулянт,  профилактика венозной
тромбоэмболии, тромбоз, профилактика тромбоза глубоких
вен и тромбоэмболии легочной артерии и ее ветвей, 
профилактика инсульта, профилактика тромбоэмболии"
Холитилин,3,А,,"цереброваскулярная недостаточность, психоорганический синдром, 
черепно-мозговая травма"
Бетагистин,3,А,2,"болезнь и синдром Меньера, головокружение, шум в ушах, 
лечение и профилактика вестибулярного головокружения, вертиго"
Нифекард,3,А,,
Валсартан,3,А,,
Мельдоний,3,А,,
Комбитропил,3,А,,
Фезам,3,А,2,
Кардионат ,3,А,,
Пирацетам,3,В,1,
Аторвастотин,3,А,2,слева у стенки 
Пенталгин ,3,А,,
Нурофен ,3,А,,
Нольпаза,4,А,3,
Диосмин,3,А,,
Ибупрофен,3,А,3,угол слева 
Прадакса,3,А,3,"слева у стены , возле ибупрофен "
Миг,3,А,,
Эрмиталь ,3,А,,дешевле креона 
Ангиорус,3,А,,"вены, уменьшает растяжимость вен и венозный застой, снижает
проницаемость капилляров и повышает их резистентность, 
улучшает микроциркуляцию и лимфоотток"
Ранекса,3,А,,"сердце, стенокардия"
Мирамистин,3,А,,антисептическое средство
Миристоил,3,А,,антисептическое средство
Фаринорм,3,А,,"спрей, пародонтоз, калькулезное воспаление слюнных желез, 
ларингит, болевой синдром воспалительных заболеваний полости
рта и ЛОР-органов, стоматит"
Кетанов,3,А,,
Аква Airmore,3,А,,
Ибуклин,3,А,,"устранения симптомов ОРВИ, жара и боли различного генеза. 
Его составляющие ибупрофен и парацетамол вместе действуют 
активнее, чем по отдельности"
Фарбентум,3,А,,"спрей, ларингит, болевой синдром воспалительных 
заболеваний полости рта и ЛОР-органов, стоматит, 
после лечения и удаления зубов"
Нимесулид ,3,А,,
Кеторол ампулы ,3,А,4,справа у стены 
Меновазин,3,А,,
Тромбо АСС,3,А,,
Ацекадол,3,А,,
Анальгин,3,А,,"контейнер в левом углу, на самой нижней полке"
Кардиомагнил,3,А,,
Парацетамол,3,А,,
Толперизон,3,А,,
Уголь,3,А,,
КардиАСК магний,3,А,,
Профлосин,3,А,,тамсулозин
Простомол УНО,3,А,,
фенибут,3,А,4,
Метронидазол,3,А,4,"за флуканазолом, перед простомолом "
Фокусин,3,А,,
Флуконазол,3,А,,
Цитрамон,3,А,,
Гексикон,3,А,,
Пиона н-ка,3,В,,
Корвалол,3,В,,
Пустырника н-ка,3,В,,
Боярышника н-ка,3,В,,
Димексид,3,В,,
Валериана н-ка,3,В,,
Реополиглюкин,3,В,,
Натрия хлорид,3,В,,
Ликомицина гидрохлорид,4,А,1,
Гентамицин,4,А,1,
Метрогил,4,А,1,
Реамберин,4,А,1,
Глюкоза,4,А,1,
Клексан,4,А,2,
Гептрал,4,А,2,
Эуфиллин,4,А,2,
ацерумен,5 витрина,А,3,"справа, верхний угол "
Флуимуцил,4,А,2,
Папаверина гидрохлорид,4,А,2,
Сульфокамфокаин,4,А,2,
Пентоксифилин,3,В,1,справа в самом углу 
Платифиллина гидротартрат,4,А,2,центр у стены 
Магния сульфат,4,А,2,
Никотиновая кислота,4,А,2,
Самеликс,4,А,2,"слева, аналог Гептрала"
Диоксидин,4,А,2,
Цианокобаламин,4,А,2,
Тиамин,4,А,2,
Пиридоксин,4,А,2,
Аскорбиновая кислота,4,А,2,справа у стены 
Алоэ экстракт жидкий,4,А,2,
Церебролизин ,4,А,3,слева 
супрастин ,3,А,2,
цитиколин ,4,А,3,
флостерон ,4,А,3,
дипромета,4,А,3,
цитофлавин ,3,В,1,
проинин,4,А,3,правый нижний угол 
мексидол,4,А,3,Зал
Циклоферон ,4,А,3,центр за церетоном 
холина альфосцерат,4,А,3,
церетон,4,А,3,"в центре, сначала "
аксамон,4,А,3,Слева у стены на церебролизине
метоклопрамид,4,А,3,
ондансетрон,4,А,3,
кавинтон форте,3 зал,В,1,слева у стены 
рибоксин,4,А,3,
дибазол,4,А,3,
нейрокс,4,А,3,аналог мексидола 
Милдронат ,4,В,1,
винпоцетин,3,В,1,лежит в краю справа 
викасол,4,А,3,в самом центре 
кофеин бензоат натрия,1,А,4,Справа в корзине 
кальция хлорид,4,А,3,слева у стенки 
церебрин,4,А,3,
кальция глюконат ампулы,3 холодильник,А,1,
пирацетам,4,А,3,
калия хлорид,4,А,3,
та ,1,А,2,
мельдоний,4,А,3,Справа в дальнем углу
кардионат ,4,А,2,класть сверху на Фезам 
алфлутоп,4,А,4,
тексаред,4,А,4,"в центре у стены, возле диацерин "
кеторолак ,4,А,4,
лорниксикам ,4,А,4,
диклофенак раствор ,4,А,4,
фер-ромфарм,4,А,4,центр начало 
румалон,4,А,4,
кетонал раствор ,4,А,4,
Но-шпа раствор,4,А,4,
спазган раствор ,4,А,4,За кеторолом
Баралгин м раствор ,4,А,4,
кетопрофен раствор ,4,А,4,
Дротаверин раствор,4,А,4,
Мовалис ,4,А,4,
артозан,4,А,4,
Дексалгин ,4,А,4,
кетогексал,4,А,4,
вольтарен раствор ,4,А,4,
тотема раствор ,4,А,4,"Слева, вначале рядом с магне в6"
магнелис в6 раствор ,4,А,4,"центр левее, вначале "
Актовегин раствор ,4,А,4,
Мелоксикам раствор ,4,А,4,
Фуросемид раствор,4,В,1,
энтамзилат,4,В,1,
натрия хлорид,4,В,1,
ультракаин ,4,В,1,
преднизол,4,В,1,справа нижний угол 
дексаметазон раствор ,4,В,1,в краю справа (конец)
новокаин ,4,В,1,
Хондроитин раствор ,4,В,2,в самом низу
хондролон,4,В,2,
Хондроитина сульфат ,4,В,2,
цефотаксим ,4,В,2,
вода для инъекций,4,В,2,
лидокаин ,4,В,2,"более токсичен, чем новокаин, зато мгновенно обезболивает "
левофлоксацин ,4,В,2,
арперфлю,пенал ,,,
валидол ,пенал ,,,
Амброксол ,пенал ,,,
бромгексин,пенал ,,,
тилорон,пенал ,,,бюджетный амиксин
нобазит ,пенал ,,,
ацц,пенал ,,,
бронхо веда,2 шкаф зал ,А,5,
ацетилсалициловая кислота,пенал ,,,
Цефтриаксон,пенал ,,,
Пульмикорт,пенал ,,,
пульмибуд,пенал ,,,
проктостезол ,пенал ,,,
Актовегин раствор ,пенал ,,,
тиолепта,пенал ,,,
мексидол ,пенал ,,,
пентафлуцин,пенал ,,,
бацидерм,пенал и 4 витрина ,А,4,"аналог банеоцина, слева у стекла"
клиндамакс,пенал ,,,
лафракс ,пенал ,,,
омепразол,пенал ,,,
калиндамакс,пенал ,,,
мочевина 25% крем,пенал ,,,
комбилипен ампулы,1 холодильник,,1,
битригам,1 холодильник,,1,
мильгамма,1 холодильник,,1,
кантибиотик,1 холодильник,,1,
имунофлан ампулы,1 холодильник,,1,
эссенциале Н,1 холодильник,,1,
имунофлан спрей ,1 холодильник,,1,
гинофлор Э,1 холодильник,,2,
йовидокс,1 холодильник,,2,
проваг,1 холодильник,,2,
виферон свечи,1 холодильник,,2,
корилин-нео,1 холодильник,,2,
лактожиналь,1 холодильник,,2,
генферон,1 холодильник,,2,
генферон лайт,1 холодильник,,2,
триожиналь,1 холодильник,,2,
кипферон свечи,1 холодильник,,2,
ацилакт свечи,1 холодильник,,2,справа верхний угол 
бифидумбактерин свечи,1 холодильник,,2,
Аципол ,1 холодильник,,3,
Виферон гель ,1 холодильник,,3,
Виферон мазь,1 холодильник,,3,
Деринат ,1 холодильник,,3,
бифидобактерии форте,1 холодильник,,3,
бифидобактерии порошок,1 холодильник,,3,
пиобактериофаг,1 холодильник,,3,
бактериофаг,1 холодильник,,3,
инфагель,1 холодильник,,3,
гепферон мазь,1 холодильник,,3,
гриппферон,1 холодильник,,4,
оксолин ,1 холодильник,,4,
биолонг лайф,1 холодильник,,5,
трилактан,1 холодильник,дверь,,
дуопрост,1 холодильник,дверь,,
пролактан,1 холодильник,дверь,,
ксалатан,1 холодильник,дверь,,
эксинта,1 холодильник,дверь,,
офтальмо-ферон,1 холодильник,дверь,,
офтан катахром,1 холодильник,дверь,,
семакс,1 холодильник,дверь,,
латанопрост оптик,1 холодильник,дверь,,
отофаг,1 холодильник,дверь,,
нистатин мазь ,1 холодильник,дверь,,
радевит,1 холодильник,дверь,,
уродерм,1 холодильник,дверь,,
фагодент ,1 холодильник,дверь,,
редецил,1 холодильник,дверь,,
тафлотан,1 холодильник,дверь,,
актрапид,1 холодильник,дверь,,
протафан,1 холодильник,дверь,,
тыквеол,1 холодильник,дверь,,
ретиноевая мазь ,1 холодильник ,дверь,,
экстракт пустырника таб.,2 холодильник,,1,
валерианы таб.,2 холодильник,,1,
таблетки от кашля,2 холодильник,,1,
антиполицай,2 холодильник,,2,
эринит таб. ,2 холодильник,,2,
зеленина капли,2 холодильник,,2,
нитросорбид,2 холодильник,,2,
эссенциале форте Н капс.,2 холодильник,,2,
мятные таблетки,2 холодильник,,2,
нитроглицерин капс.,2 холодильник,,3,
флорбиолакт,2 холодильник,,4,
Уролесан таб,2 холодильник,,4,
Уролесан капли,2 холодильник,,4,
Хлорофиллипт спрей,2 холодильник,,4,
Хлорофиллипт раствор,2 холодильник,,4,
Хлорофиллипт капли,2 холодильник,,4,
пертуссин сироп,2 холодильник,,5,
солодки сироп ,2 холодильник,,5,
перекись водорода ,2 холодильник,,6,
рыбий жир капс.,2 холодильник,дверь,,
рыбий жир жидк.,2 холодильник,дверь,,
облепиховое масло,2 холодильник,дверь,,
бефунгин,2 холодильник,дверь,,
алоэ сок,2 холодильник,дверь,,
подорожника сок,2 холодильник,дверь,,
холосас сироп,2 холодильник,дверь,,
уропрост свечи,3 холодильник,,1,начало слева .
лонгидаза свечи,3 холодильник,,1,
мидокалм рихтер,3 холодильник,,1,
толзитол,3 холодильник,,1,
толпирилид,3 холодильник,,1,
глюконат раствор ,3 холодильник,,1,
толпирилид раствор,3 холодильник,,1,
Витапрост свечи,3 холодильник,,1,
натрия тиосульфат раствор ,3 холодильник,,1,
гепарин натрия раствор ,3 холодильник,,1,
мукосат,3 холодильник,,1,
окситоцин раствор ,3 холодильник,,1,
унитол,3 холодильник,,1,
Кортексин раствор,3 холодильник,,1,
цефекон д,3 холодильник,,2,
глицелакс,3 холодильник,,2,
синтомицин,3 холодильник,,2,
нистатин,3 холодильник,,2,справа свечей диклофенак (у стенки) 
диклофенак свечи,3 холодильник,,2,
метровагин,3 холодильник,,2,сверху метронидазол 
бетиол,3 холодильник,,2,
анузол,3 холодильник,,2,
облепиховое масло свечи,3 холодильник,,2,
красавки экстракт,3 холодильник,,2,
новокаин свечи ,3 холодильник,,2,
ихтиол свечи ,3 холодильник,,2,
Метилурацил свечи,3 холодильник,,2,
нигепан свечи,3 холодильник,,2,за цефеконом 
олестезин,3 холодильник,,2,
депантол,3 холодильник,,2,
фарматекс,3 холодильник,,2,слева за цефеконом 
парацетамол свечи,3 холодильник,,2,
ауробин,3 холодильник,,3,
триакорт,3 холодильник,,3,
фторокорт,1 холодильник,,дверь ,предпоследняя полка на двери 
микозорал,3 холодильник,,3,
тербикс,3 холодильник,,3,
"крем для тела с хондроитином
и глюкозамином",3 холодильник,,3,
хондроитин гель,3 холодильник,,3,
диклофенак,3 холодильник,,3,
Метилурацил мазь,3 холодильник,,3,
гидрокортизон мазь,3 холодильник,,3,
локоид,3 холодильник,,3,
эритромицин,3 холодильник,,3,центр у стенки 
преднизолон для наружного,1 холодильник,,дверь,
гентамицин гель,3 холодильник,,3,
гепариновая мазь,3 холодильник,,3,
безорнил,3 холодильник,,3,
бом-бенге мазь,3 холодильник,,4,
гэвкамен,3 холодильник,,4,
теймурова паста,3 холодильник,,4,
синтомицин паста,3 холодильник,,4,
стрептоцид,3 холодильник,,4,
бензилбензоат,3 холодильник,дверь ,4,
цинковая мазь,3 холодильник,,4,
цинковая паста,3 холодильник,,4,
салициловая мазь,3 холодильник,,4,
салицило-цинковая паста ,3 холодильник,,4,
серная мазь,3 холодильник,,4,
скипидарная мазь,3 холодильник,,4,
люголь раствор с палочками,3 холодильник,,5,
анузопрокт,3 холодильник,,5,
кокарбоксилаза,3 холодильник,,5,
метиленовый раствор ,3 холодильник,,5,
левометил мазь,3 холодильник,,6,
левомеколь ,3 холодильник,,6,
ихтиол мазь,3 холодильник,,6,
линемент бальзамический,3 холодильник,,6,
Полиоксидоний ,3 холодильник,дверь,,
алпизарин ,3 холодильник,дверь,,самая верхняя полка 
лидаза,3 холодильник,дверь,,
церебролизат,3 холодильник,дверь,,
дентагуттал,3 холодильник,дверь,,
адреналин,3 холодильник,дверь,,
тетрациклин мазь,3 холодильник,дверь,,
гидрокортизон мазь,3 холодильник,дверь,,
эритромицин мазь,3 холодильник,дверь,,
тетрациклин мазь,4 зал,В,2,центр у стены
гидроперит,3 холодильник,дверь,,
бензилбензоат ,3 холодильник,4,,"справа у стенки, вначале "
желчь ,3 холодильник,дверь,,
химотрипсин,3 холодильник,дверь,,где бензибезоат стоит 
календула свечи,3 холодильник,дверь,,
ла мазь,3 холодильник,дверь,,
прополис мазь,3 холодильник,дверь,,
лис свечи,3 холодильник,дверь,,
эскулюс,3 холодильник,дверь,,
эвкаменолл,3 холодильник,дверь,,
беродуал Н аэрозоль,1 шкаф зал,А,1,
ипратенол,1 шкаф зал,А,1,
беродуал 20 мл,1 шкаф зал,А,1,
беротек Н аэрозоль,1 шкаф зал,А,1,
беклазон эко,1 шкаф зал,А,1,
эутирокс,1 шкаф зал,А,1,
L тироксин,1 шкаф зал,А,1,
сальбутамол аэрозоль ,1 шкаф зал,А,1,
беклометазон аэрозоль,1 шкаф зал,А,1,
дуоресп,1 шкаф зал,А,1,"за препаратами, ближе к центру "
Метформин 500,1 шкаф зал,А,2,
отрио ,1 шкаф зал,А,2,слева 
бетмига,1 шкаф зал,А,2,
ливазо,1 шкаф зал,А,2,
эзетимиб,1 шкаф зал,А,2,
форсига,1 шкаф зал,А,2,
липобон,1 шкаф зал,А,2,
випидия ,1 шкаф зал,А,2,
галвус,1 шкаф зал,А,2,
фенофибрат ,1 шкаф зал,А,2,"начало, слева около галвуса"
диабетон,1 шкаф зал,А,2,
глимекомб,1 шкаф зал,А,2,
олиджим ,1 шкаф зал,А,2,"в центре, возле глибомет"
глибомет ,1 шкаф зал,А,2,
эуфиллин,1 шкаф зал,А,2,
теопэк,1 шкаф зал,А,2,
тирозол,1 шкаф зал,А,2,
мерказолил,1 шкаф зал,А,2,"справа у нижнего угла, возле манинил"
манил,1 шкаф зал,А,2,
тиолепта,1 шкаф зал,А,2,
гликлазид,1 шкаф зал,А,2,справа 
глимепирид,1 шкаф зал,А,2,
глидиаб,1 шкаф зал,А,2,
глюкофаж,1 шкаф зал,А,2,
сиофор,1 шкаф зал,А,2,
Метформин,1 шкаф зал,А,2,
Мовалис,1 шкаф зал,А,3,
Мелоксикам,1 шкаф зал,А,3,
кетонал 100мг,1 шкаф зал,А,3,
эторикоксиб,1 шкаф зал,А,3,"слева, возле аркоксиа "
аторика,1 шкаф зал,А,3,
кетопрофен 100мг,1 шкаф зал,А,3,
подпгрель,1 шкаф зал,А,3,
колхикум ,1 шкаф зал,А,3,"центр начало, за подагрелем "
фулфлекс,1 шкаф зал,А,3,"центр, начало "
Ксефокам,1 шкаф зал и 1 склад  ,А,3 или 5 склад,лежит вначале полки 
лорния,1 шкаф зал,А,3,
метотрексат,1 шкаф зал,А,2,"справа, начало, где глимекомб "
нейродикловит,1 шкаф зал,А,3,"правее, около немулекс, нефопам "
метипред,1 шкаф зал,А,3,справа у стены 
немулекс,1 шкаф зал,А,3,
кетонал,1 шкаф зал,А,3,
Нимесил,1 шкаф зал,А,3,
Найз,1 шкаф зал,А,3,
Нимесулид,1 шкаф зал,А,3,
милурит,1 шкаф зал,А,3,это аллопуринол 
итолгин,1 шкаф зал,А,3,
Ибуклин,1 шкаф зал,А,3,в центре 
,1 шкаф зал,А,3,
кетонал Дуо 150мг,1 шкаф зал,А,3,
Аэртал,1 шкаф зал,А,3,
ацеклофенак,1 шкаф зал,А,3,"слева, аналог аэртала "
ортофен,1 шкаф зал,А,3,"около кетанова,  нимесулида"
индометацин 25мг,1 шкаф зал,А,3,"слева у стены, возле верхнего угла "
диклофенак 100мг ,1 шкаф зал,А,3,
ибупрофен 200мг таб.,1 шкаф зал,А,3,
Ибуклин экспресс,1 шкаф зал,А,3,
диацереин,1 шкаф зал,А,3,
диартрин,1 шкаф зал,А,3,центр ближе к стене 
нимулид,2 шкаф зал,А,3,справа почти у стены 
фосамакс,1 шкаф зал,А,3,
келтикан,1 шкаф зал,А,3,
целебрекс,1 шкаф зал,А,3,
найзилат,1 шкаф зал,А,3,
артоксан,1 шкаф зал,А,3,"в центре, около тексаред, у стены "
алендронат,1 шкаф зал,А,3,На кетанов 
альфакальцидол ,1 шкаф зал,А,3,Справа у стены в конце
Кетанов ,1 шкаф зал,А,3,
кеторол экспресс,1 шкаф зал,А,3,
полидекса,1 шкаф зал,А,4,"слева у стены, капли с антибиотиком "
баралгин ,1 шкаф зал,А,4,
брал ,1 шкаф зал,А,4,
изофра,1 шкаф зал,А,4,
суматриптан ,1 шкаф зал,А,4,"центр, нижний край, против мигреней "
амигренин,1 шкаф зал,А,4,
беластезин,1 шкаф зал,А,4,
аскофен-п,1 шкаф зал,А,4,цену писать с торца 
дротаверин,1 шкаф зал,А,4,
ревалгин,1 шкаф зал,А,4,
синусэфрин,1 шкаф зал,А,4,"слева у стены, спрей с антибиотиком "
темпалгин ,1 шкаф зал,А,4,
кофицил ,1 шкаф зал,А,4,
трамицент,1 шкаф зал,А,4,
нафтизин,1 шкаф зал,А,5,коробка внизу слева 
витаргол форте,1 шкаф зал,А,5,
вибронорм,1 шкаф зал,А,5,
виброцил,1 шкаф зал,А,5,
ринонорм,1 шкаф зал,А,5,
галазолин,1 шкаф зал,А,5,"слева в ряд, около Виброцил "
снуп,1 шкаф зал,А,5,
тизин,1 шкаф зал,А,5,
риностоп,1 шкаф зал,А,5,
ринорус,1 шкаф зал,А,5,
ксилен,1 шкаф зал,А,5,
протаргол,1 шкаф зал,А,5,"слева, за сиалором "
эльжина,1 шкаф зал,В,1,
Полижинакс ,1 шкаф зал,В,1,
ованелия,1 шкаф зал,В,1,
орниона,1 шкаф зал,В,1,
овитол Клио ,1 шкаф зал,В,1,
нео-пенотран,1 шкаф зал,В,1,угол слева 
прожестожель,1 шкаф зал,В,1,слева нижний угол 
Макмирор,1 шкаф зал,В,1,
метромикон ,1 шкаф зал,В,1,слева 
Клотримазол,4 шкаф зал,А,4,Справа у стекла за шампунями 
кандид-в6,1 шкаф зал,В,1,слева верхний угол 
гексикон ,1 шкаф зал,В,1,
флуомизин,1 шкаф зал,В,1,"центр, корзинка слева "
ноноксинол,1 шкаф зал,В,1,
клиндацин б,1 шкаф зал,В,1,
Хлоргексидин свечи,1 шкаф зал,В,1,"в контейнере, аналог гексикон "
Пимафуцин,1 шкаф зал,В,1,центр в корзинке 
примацин,1 шкаф зал,В,1,
Метрогил гель,1 шкаф зал,В,1,
залаин,1 шкаф зал,В,1,
Гепатромбин мазь,1 шкаф зал,В,1,
Гепатромбин свечи,1 шкаф зал,В,1,
венапрокт,1 шкаф зал,В,1,
проктолиф ,1 шкаф зал,В,1,
натальсид ,1 шкаф зал,В,1,центр 
Релиф свечи,1 шкаф зал,В,1,
ренопроктол,1 шкаф зал,В,1,
Релиф про крем,1 шкаф зал,В,1,
Релиф Адванс мазь,1 шкаф зал,В,1,
мазь Флеминга,1 шкаф зал,В,1,"справа, около релифа "
гутталакс экспресс,1 шкаф зал,В,1,
постеризан ,1 шкаф зал,В,1,
прокто-гливенол,1 шкаф зал,В,1,
индометацин свечи ,1 шкаф зал,В,1,справа верхний угол 
кетонал свечи,1 шкаф зал,В,1,
дикловит свечи,1 шкаф зал,В,1,
кетопрофен свечи,1 шкаф зал,В,1,
глицерин свечи,1 шкаф зал,В,1,
гепазолон,1 шкаф зал,В,1,"центр, аналог Гепатромбин "
проктостезол,1 шкаф зал,В,1,"справа, ближе к нижнему углу, бюджетные свечи от геморроя "
утрожестан капс.,1 шкаф зал,В,2,слева верхний угол 
три-регол,1 шкаф зал,В,2,
ригевидон,1 шкаф зал,В,2,
регулон,1 шкаф зал,В,2,
новинет,1 шкаф зал,В,2,
линдинет 30,1 шкаф зал,В,2,
белара,1 шкаф зал,В,2,
эскапел,1 шкаф зал,В,2,слева около дюфастона 
постинор,1 шкаф зал,В,2,
линдинет 20,1 шкаф зал,В,2,
праджисан,1 шкаф зал,В,2,
дюфастон,1 шкаф зал,В,2,
силует,1 шкаф зал,В,2,слева 
фемостон,1 шкаф зал,В,2,
дазолик,1 шкаф зал,В,2,
транексам,1 шкаф зал,В,2,в корзинке у стены центр 
достинекс,1 шкаф зал,В,2,
каберголин,1 шкаф зал,В,2,"центр, корзинка, около тамоксифена"
итраконазол,1 шкаф зал,В,2,центр вначале 
тербинафин,1 шкаф зал,В,2,бюджетный аналог ламизила 
флуканозол ,1 шкаф зал,В,2,
флюкостат,1 шкаф зал,В,2,
метронидазол 250мг,1 шкаф зал,В,2,
трихопол 250мг,1 шкаф зал,В,2,
сотрет,1 шкаф зал,В,2,
ин,1 шкаф зал,В,2,
Дицинон,1 шкаф зал,В,2,
жанин,1 шкаф зал,В,2,
Димиа,1 шкаф зал,В,2,
Мидиана,1 шкаф зал,В,2,
женале,1 шкаф зал,В,2,
Постинор,1 шкаф зал,В,2,
Ярина,1 шкаф зал,В,2,
Дифлюкан,1 шкаф зал,В,2,
Тадалафил ,1 шкаф зал,В,3,
силденафил,1 шкаф зал,В,3,
доксазолин,1 шкаф зал,В,3,слева вначале 
соликса ,1 шкаф зал,В,3,"слева, бюджетный вариант везикара "
дапоксетин,1 шкаф зал,В,3,"слева, нижний левый угол"
простомол УНО,1 шкаф зал,В,3,
везикар,1 шкаф зал,В,3,слева 
физипрост,1 шкаф зал,В,3,
пермиксон,1 шкаф зал,В,3,
омник ,1 шкаф зал,В,3,"слева, возле нижнего угла "
везигамп,1 шкаф зал,В,3,
урорек,1 шкаф зал,В,3,левее центра 
пенестер,1 шкаф зал,В,3,
дуодарт ,1 шкаф зал,В,3,
Цистон,1 шкаф зал,В,3,
финастерид,1 шкаф зал,В,3,
спазмекс,1 шкаф зал,В,3,
нефростен,1 шкаф зал,В,3,
Канефрон,1 шкаф зал,В,3,
роватинекс,1 шкаф зал,В,3,"центр ящика, рядом с Фурадонин "
Фурадонин ,1 шкаф зал,В,3,
Канефрон н,1 шкаф зал,В,3,
нефростен ,1 шкаф зал,В,3,
Фурадонин авексима,1 шкаф зал,В,3,
Фурагин,1 шкаф зал,В,3,
блемарен ,1 шкаф зал,В,3,
уронекст,1 шкаф зал,В,3,
нефроклинг,1 шкаф зал,В,3,
Монурал,1 шкаф зал,В,3,
фосфомицин,1 шкаф зал,В,3,"справа у стены, рядом с монуралом"
Фитолизин,1 шкаф зал,В,3,
нолицин ,1 шкаф зал,В,3,справа вверху в корзине 
нитроксолин ,1 шкаф зал,В,3,"правый верхний край, самое бюджетное от цистита "
манорен,1 шкаф зал,В,3,
урафрон,1 шкаф зал,В,3,
норфлоксацин,1 шкаф зал,В,3,
норбактин ,1 шкаф зал,В,3,
физиозинтез,3 шкаф зал,А,1,
моксонидин,3 шкаф зал,А,1,
валсартан ,3 шкаф зал,А,1,
вальсакор,3 шкаф зал,А,1,
симвастатин ,3 шкаф зал,А,1,
аторвастотин,3 шкаф зал,А,1,
розувастатин,3 шкаф зал,А,1,
липримар,3 шкаф зал,А,1,
телпрес,3 шкаф зал,А,2,
триметазидин,3 шкаф зал,А,2,
предуктал,3 шкаф зал,А,2,
депренорм,3 шкаф зал,А,2,
бравадин,3 шкаф зал,А,2,
ивабрадин,3 шкаф зал,А,2,слева
телпрес плюс ,3 шкаф зал,А,2,
телсартан ,3 шкаф зал,А,2,
ксарелто ,3 шкаф зал,А,2,
эликвис ,3 шкаф зал,А,2,
лерканидипин,3 шкаф зал,А,2,
леркамен ,3 шкаф зал,А,2,
клопидогрел,3 шкаф зал,А,2,"Справа у стены, угол "
дипиридамол ,3 шкаф зал,А,2,"Справа у стены, возле клопидогрел "
анаприлин ,3 шкаф зал,А,2,
верапамил ,3 шкаф зал,А,2,
карведилол ,3 шкаф зал,А,2,
атенолол,3 шкаф зал,А,2,верхний угол справа у стены 
Конкор,3 шкаф зал,А,2,
бисопролол,3 шкаф зал,А,2,
эгилок ,3 шкаф зал,А,2,
бисогамма,3 шкаф зал,А,2,
метопролол,3 шкаф зал,А,2,слева у стены 
беталок ,3 шкаф зал,А,2,
сотагексал ,3 шкаф зал,А,3,
тенорик ,3 шкаф зал,А,3,
лозартан ,3 шкаф зал,А,3,"справа, около сотагексала, бюджетный аналог лористы"
иплерон ,3 шкаф зал,А,3,"Справа, аналог эспиро "
гипосарт,3 шкаф зал,А,3,
эспиро,3 шкаф зал,А,3,аналог иплерон 
лориста ,3 шкаф зал,А,3,
эдарби,3 шкаф зал,А,3,
кандесартан,3 шкаф зал,А,3,справа 
фелодипин,3 шкаф зал,А,3,центр 
ко-вамлосет,3 шкаф зал,А,3,
вамлосет,3 шкаф зал,А,3,
фелодип,3 шкаф зал,А,3,
Вертекс,3 шкаф зал,А,3,
ирбесартан,3 шкаф зал,А,3,"слева, возле Эналаприл 10мг"
фозикард,3 шкаф зал,А,3,
ко-дальнева,3 шкаф зал,А,3,
апровель,3 шкаф зал,А,3,
лозап,3 шкаф зал,А,3,
зокардис ,3 шкаф зал,А,3,
"Эналаприл 20мг, 10мг",3 шкаф зал,А,3,
лозап,3 шкаф зал,А,3,
кардикет,3 шкаф зал,А,4,правый край 
моносан ,3 шкаф зал,А,4,
моночинкве ,3 шкаф зал,А,4,"рядом с Нифедипином, справа у стены "
Нифедипин,3 шкаф зал,А,4,справа возле стены 
нифекард ,3 шкаф зал,А,4,
престариум ,3 шкаф зал,А,4,периндоприл 
Амлодипин ,3 шкаф зал,А,4,
нолипрел,3 шкаф зал,А,4,
престанс,3 шкаф зал,А,4,
трипликсам ,3 шкаф зал,А,4,
периндоприл ,3 шкаф зал,А,4,
коринфар,3 шкаф зал,А,4,
кордафлекс ,3 шкаф зал,А,4,
перинева ,3 шкаф зал,А,4,
Берлиприл,3 шкаф зал,А,4,
сиднофарм,3 шкаф зал,А,4,"Слева за ко перинева, возле норваск "
энап,3 шкаф зал,А,4,
небиволол ,3 шкаф зал,А,4,слева возле энама 
лизиноприл,3 шкаф зал,А,4,
диротон,3 шкаф зал,А,4,
энап,3 шкаф зал,А,4,
норваск,3 шкаф зал,А,4,
престанс,3 шкаф зал,А,4,
гипотиазид ,3 шкаф зал,А,5,
спиронолактон,3 шкаф зал,А,5,слева 
диувер,3 шкаф зал,А,5,
допегит ,3 шкаф зал,А,5,
диакарб,3 шкаф зал,А,5,"в центре (левее), в начале "
торасемид,3 шкаф зал,А,5,
этацизин,3 шкаф зал,А,5,
индап,3 шкаф зал,А,5,
индапамид,3 шкаф зал,А,5,
амприлан,3 шкаф зал,А,5,
Андипал,3 шкаф зал,А,5,
раунатин ,3 шкаф зал,А,5,
Каптоприл ,3 шкаф зал,А,5,справа в углу 
капотен ,3 шкаф зал,А,5,правее у задней стенки 
амиодарон ,3 шкаф зал,А,5,"слева, у спиронолактон "
верошпирон ,3 шкаф зал,А,5,
Фуросемид,3 шкаф зал,А,5,"Слева возле верошпирона, у стены "
тромбо АСС,3 шкаф зал,В,1,
К,3 шкаф зал,В,1,
цинаризин ,3 шкаф зал,В,1,"улучшение мозгового кровообращения, угол слева "
кавинтон,3 шкаф зал,В,1,
тромбитал ,3 шкаф зал,В,1,
аспирин кардио,3 шкаф зал,В,1,
Кардиомагнил,3 шкаф зал,В,1,
ацекардол ,3 шкаф зал,В,1,
ноотропил,3 шкаф зал,В,1,
пирацетам,3 шкаф зал,В,1,
комбитропил,3 шкаф зал,В,1,
омарон,3 шкаф зал,В,1,
Актовегин 200мг,3 шкаф зал,В,1,
мельдоний,3 шкаф зал,В,1,
цитофлавин,3 шкаф зал,В,1,"слева ближе к центру, около актовегина и мельдония, у стены"
пикамилон ,3 шкаф зал,В,1,
гопантам,3 шкаф зал,В,1,"в центре , возле кардионата "
церетон,3 шкаф зал,В,1,
холитин ,3 шкаф зал,В,1,"центр, возле тромбо Асс и омарон "
гопантомид,3 шкаф зал,В,1,
мексидол ,3 шкаф зал,В,1,
рекогнан,3 шкаф зал,В,1,
гинкоум,3 шкаф зал,В,1,
бетагистин,3 шкаф зал,В,1,
мексиприм ,3 шкаф зал,В,1,
винпоцетин,3 шкаф зал,В,1,"справа у стены, возле мексиприма "
бетасерк,3 шкаф зал,В,1,
пентоксифилин ,3 шкаф зал,В,1,справа угол 
трентал,3 шкаф зал,В,1,
Милдронат,3 шкаф зал,В,1,
кардионат ,3 шкаф зал,В,1,
валидол ,3 шкаф зал,В,2,нижний угол слева 
валокордин,3 шкаф зал,В,2,
валосердин ,3 шкаф зал,В,2,
валидол с глюкозой ,3 шкаф зал,В,2,
корвалол таблетки,3 шкаф зал,В,2,
валемидин ,3 шкаф зал,В,2,"слева от панангина, возле корзинки "
Панангин,3 шкаф зал,В,2,
Аспаркам,3 шкаф зал,В,2,
элеутерококка экстракт,3 шкаф зал,В,2,
элтацин,3 шкаф зал,В,2,
биотредин,3 шкаф зал,В,2,
лимонтар ,3 шкаф зал,В,2,
глицин ,3 шкаф зал,В,1,
лимонника настойка ,3 шкаф зал,В,2,
лавзея настойка,3 шкаф зал,В,2,
аралии настойка,3 шкаф зал,В,2,
калия оротат ,3 шкаф зал,В,2,справа в корзине 
магнерот ,3 шкаф зал,В,2,
Адонис бром ,3 шкаф зал,В,2,контейнер справа 
нитроспрей,3 шкаф зал,В,2,
нитроглицерин таб,3 шкаф зал,В,2,
нитроминт,3 шкаф зал,В,2,
Лоратадин ,3 шкаф зал,В,3,
диазолин,3 шкаф зал,В,3,
кетотифен,3 шкаф зал,В,3,
цетиризин ,3 шкаф зал,В,3,
супрастин ,3 шкаф зал,В,3,
Цетрин ,3 шкаф зал,В,3,
хлоропирамин ,3 шкаф зал,В,3,
Пирантел ,3 шкаф зал,В,3,
немозол ,3 шкаф зал,В,3,
саноксал,3 шкаф зал,В,3,
Вермокс ,3 шкаф зал,В,3,
Декарис,3 шкаф зал,В,3,
пиперазин ,3 шкаф зал,В,3,
вормин ,3 шкаф зал,В,3,
урсодез ,4 шкаф зал ,А,1,
Урсосан ,4 шкаф зал ,А,1,
Урсофальк ,4 шкаф зал ,А,1,
адиарин ,4 шкаф зал ,А,1,
регидроВит,4 шкаф зал ,А,1,
регидрон ,4 шкаф зал ,А,1,
полигидрин ,4 шкаф зал ,А,1,
омепразол ,4 шкаф зал ,А,3,
Лоперамид ,4 шкаф зал ,А,1,
Хофитол ,4 шкаф зал ,А,1,
лопендиум,4 шкаф зал ,А,1,
холесенол,4 шкаф зал ,А,1,
гимекромон,4 шкаф зал ,А,1,
Аллохол ,4 шкаф зал ,А,2,
Карсил ,4 шкаф зал ,А,2,
липоевая кислота ,4 шкаф зал ,А,2,
силимар,4 шкаф зал ,А,2,
голдлайн плюс ,4 шкаф зал ,А,2,
Редуксин ,4 шкаф зал ,А,2,
Вобэнзим,4 шкаф зал ,А,2,
орсотен ,4 шкаф зал ,А,2,
юниэнзим ,4 шкаф зал ,А,2,
ксеникал,4 шкаф зал ,А,2,
орлистан ,4 шкаф зал ,А,2,
пензитал ,4 шкаф зал ,А,2,
Мезим ,4 шкаф зал ,А,2,
лактулоза ,4 шкаф зал ,А,2,
Фестал ,4 шкаф зал ,А,2,
иберогаст ,4 шкаф зал ,А,2,
Алмагель,4 шкаф зал ,А,2,
Бифиформ,4 шкаф зал ,А,2,Посередине возле мезима 
драмина ,4 шкаф зал ,А,2,
Линекс ,4 шкаф зал ,А,2,
эсслиал ,4 шкаф зал ,А,2,
эссливер,4 шкаф зал ,А,2,
фосфоглив ,4 шкаф зал ,А,2,
гепа-мерц ,4 шкаф зал ,А,2,
гептор,4 шкаф зал ,А,2,
Гептрал ,4 шкаф зал ,А,2,
фосфоглицерр,4 шкаф зал ,А,2,
игрель,4 шкаф зал ,А,2,
марены экстракт,4 шкаф зал ,А,2,
таурин форте ,4 шкаф зал ,А,2,
берберин ,4 шкаф зал ,А,2,
метионин ,4 шкаф зал ,А,2,печень 
Метилурацил,4 шкаф зал ,А,2,справа ближе к стене 
Лив 52 ,4 шкаф зал ,А,2,
холензим ,4 шкаф зал ,А,2,
викаир ,4 шкаф зал ,А,2,
викалин ,4 шкаф зал ,А,2,
омепразол тева ,4 шкаф зал ,А,3,
омепразол акрихин ,4 шкаф зал ,А,3,
ультоп,4 шкаф зал ,А,3,
разо,4 шкаф зал ,А,3,
ульблок ,4 шкаф зал ,А,3,
рабепрозол ,4 шкаф зал ,А,3,
эзомепразол,4 шкаф зал ,А,3,
нексиум,4 шкаф зал ,А,3,"центр, лево "
эманера ,4 шкаф зал ,А,3,
нольпаза ,4 шкаф зал ,А,3,
пантопразол ,4 шкаф зал ,А,3,
необутин ,4 шкаф зал ,А,3,
Тримедат ,4 шкаф зал ,А,3,
метоклопрамид,4 шкаф зал ,А,3,
Церукал ,4 шкаф зал ,А,3,слева у стены 
домперидон ,4 шкаф зал ,А,3,
мотилак ,4 шкаф зал ,А,3,
мотогастрик,4 шкаф зал ,А,3,
мотониум ,4 шкаф зал ,А,3,
пассажикс ,4 шкаф зал ,А,3,
ребамипид ,4 шкаф зал ,А,3,
ребагит ,4 шкаф зал ,А,3,
итоприд ,4 шкаф зал ,А,3,
Дюспаталин ,4 шкаф зал ,А,3,
итомед ,4 шкаф зал ,А,3,в центре 
ганатон ,4 шкаф зал ,А,3,
спарекс ,4 шкаф зал ,А,3,За рабепрозолом
Омез,4 шкаф зал ,А,3,
настал,4 шкаф зал ,А,3,
идин ,4 шкаф зал ,А,3,около омепразола 
вазелиновое масло,4 шкаф зал ,А,3,"слева, возле меберина "
ортанол ,4 шкаф зал ,А,3,
фамотидин,4 шкаф зал ,А,3,
квамател ,4 шкаф зал ,А,3,
Маалокс ,4 шкаф зал ,А,3,
ретч,4 шкаф зал ,А,3,
бускопан ,4 шкаф зал ,А,3,Перед маалокс 
гевискон ,4 шкаф зал ,А,3,
Фосфалюгель,4 шкаф зал ,А,3,
мотинорм ,4 шкаф зал ,А,3,
мотилиум ,4 шкаф зал ,А,3,домперидон 
невобисмол ,4 шкаф зал ,А,3,
улькавис ,4 шкаф зал ,А,3,"справа у стены, аналог денола "
витридинол ,4 шкаф зал ,А,3,
бисакодил ,4 шкаф зал,А,4,
Микролакс ,4 шкаф зал,А,4,
слабикап ,4 шкаф зал,А,4,
фортранс ,4 шкаф зал,А,4,угол слева у стены 
сенаде ,4 шкаф зал,А,4,
слабилен ,4 шкаф зал,А,4,
гутталакс,4 шкаф зал,А,4,слева 
Микролакс ,4 шкаф зал,А,4,
лавакол ,4 шкаф зал,А,4,угол слева на фортранс 
Смекта ,4 шкаф зал,А,4,
эзиклен ,4 шкаф зал,А,4,
этнерол ,4 шкаф зал,А,4,
эваксил ,4 шкаф зал,А,4,
экофурил ,4 шкаф зал,А,4,аналог стопдиара
микофурил ,4 шкаф зал,А,4,
стопдиар ,4 шкаф зал,А,4,
Энтерофурил,4 шкаф зал,А,4,
Энтеросгель,4 шкаф зал,А,4,
Полисорб ,4 шкаф зал,А,4,
простосорб ,4 шкаф зал,А,4,
Нифуроксазид,4 шкаф зал,А,4,
Энтерофурил детский,4 шкаф зал,А,4,
мовипреп ,4 шкаф зал,А,4,
Венарус ,4 шкаф зал,В,1,
Клотримазол,4 витрина ,А,4,"у стекла , справа над микостоп"
канизон ,4 шкаф зал,В,2,
Тербинафин,4 шкаф зал,В,1,
ацикловир,4 шкаф зал,В,1,
зовиракс,4 шкаф зал,В,1,угол слева 
Панавир ,4 шкаф зал,В,1,
калгель ,4 шкаф зал,В,1,
дантинорм ,4 шкаф зал,В,1,
Холисал ,4 шкаф зал,В,1,
Метрогил дента ,4 шкаф зал,В,1,
лидент ,4 шкаф зал,В,1,
Дентесгель,4 шкаф зал,В,1,
камистад ,4 шкаф зал,В,1,
диосмин ,4 шкаф зал,В,1,
ангиорус,4 шкаф зал,В,1,
диосмин ,4 шкаф зал,В,1,
троксерутин ,4 шкаф зал,В,1,
дентамет,4 шкаф зал,В,1,
асепта ,4 шкаф зал,В,1,
троксерутин 300мг,4 шкаф зал,В,1,
Троксевазин,4 шкаф зал,В,1,
прото-венол ,4 шкаф зал,В,1,
вессел ДУЭ ,4 шкаф зал,В,1,
Детралекс ,4 шкаф зал,В,1,
варфарин ,4 шкаф зал,В,1,
Флебодиа ,4 шкаф зал,В,1,
эскузан ,4 шкаф зал,В,1,справа в розовом контейнере 
синафлан,4 шкаф зал,В,2,
акридерм,4 шкаф зал,В,2,
флуцинар,4 шкаф зал,В,2,
канизон плюс,4 шкаф зал,В,2,
тридерм,4 шкаф зал,В,2,
белосалик,4 шкаф зал,В,2,
белодерм,4 шкаф зал,В,2,
тетрадерм,4 шкаф зал,В,2,
белогент мазь,4 шкаф зал,В,2,
мометазон,4 шкаф зал,В,2,
стелланин,4 шкаф зал,В,2,
лоринден,4 шкаф зал,В,2,
момейд,4 шкаф зал,В,2,"центр, это мометазон "
кловейт,4 шкаф зал,В,2,
аргосульфан,4 шкаф зал,В,2,
адвантан,4 шкаф зал,В,2,"справа, около нижнего угла "
комфодерм,4 шкаф зал,В,2,
офломелид,4 шкаф зал,В,2,
акриол про,4 шкаф зал,В,2,
элидел,4 шкаф зал,В,2,"справа, нижний угол "
йодопирон,4 шкаф зал,В,3,
стрептоцид,4 шкаф зал,В,3,
йодовидон,4 шкаф зал,В,3,
бетадин,4 шкаф зал,В,3,
аквазан,4 шкаф зал,В,3,
ранавексим,4 шкаф зал,В,3,аналог стрептоцида порошка 
бадяга порошок,4 шкаф зал,В,3,
клей бф-6,4 шкаф зал,В,3,"центр контейнер, где квасцы "
квасцы жженые,4 шкаф зал,В,3,
вазелин мазь ,4 шкаф зал,В,3,
пронтосан,4 шкаф зал,В,3,
фурацилин,4 шкаф зал,В,3,
фурасол,4 шкаф зал,В,3,
фурацилин таб.,4 шкаф зал,В,3,
сульфацил натрия диа,5 шкаф зал,В,3,"слева у стенки, Альбуцид "
дексаметозон капли,5 шкаф зал,В,3,"слева у стены, рядом с лафраксом "
лафракс,5 шкаф зал,В,3,
травопрост,5 шкаф зал,В,3,слева у стены возле лафракса и офтаквикс 
травиолан,5 шкаф зал,В,3,слева у стены 
дорзопт,5 шкаф зал,В,3,слева рядом с тауфоном 
трусопт,5 шкаф зал,В,3,"слева ближе к левому углу, аналог дорзопта "
виксипин,5 шкаф зал,В,3,"слева, ближе к верхнему углу "
азопт,5 шкаф зал,В,3,
азарга,5 шкаф зал,В,3,
тимолол,5 шкаф зал,В,3,слева возле тауфона 
эмоксипин,5 шкаф зал,В,3,"слева ближе к верхнему углу, рядом с виксипином и трусоптом "
гилан,5 шкаф зал,В,3,
окусалин,5 шкаф зал,В,3,
дорзопт плюс,5 шкаф зал,В,3,
эмокси оптик,5 шкаф зал,В,3,
бетаксолол,5 шкаф зал,В,3,"рядом с викчипином, ближе к задней стенке "
броксинак,5 шкаф зал,В,3,
бетофтан,5 шкаф зал,В,3,"ближе к центру, у стены "
офтагель,5 шкаф зал,В,3,
блефарогель,5 шкаф зал,В,3,"центр, около корнерегель"
офтолик,5 шкаф зал,В,3,
демазол,5 шкаф зал,В,3,
вита-пос,5 шкаф зал,В,3,
видисик,5 шкаф зал,В,3,
бринзопт,5 шкаф зал,В,3,центр у стены
биматан,5 шкаф зал,В,3,
корнерегель,5 шкаф зал,В,3,
левомицетин,5 шкаф зал,В,3,"в центре, около гилана, демазола, таурина "
хило-комод,5 шкаф зал,В,3,
норфлоксацин,5 шкаф зал,В,3,
ципромед,5 шкаф зал,В,3,
ципрофлоксацин реневал,5 шкаф зал,В,3,
ципролет капли глазные,5 шкаф зал,В,3,
ципромед,5 шкаф зал,В,3,
макситрол,5 шкаф зал,В,3,За систейном 
моксифлоксацин оптик,5 шкаф зал,В,3,"центр правее, около Стиллавита"
стиллавит,5 шкаф зал,В,3,
сустейн ,5 шкаф зал,В,3,
неванак,5 шкаф зал,В,3,"у стены в правой стороне, рядом с комбинил, инокаин (жёлтая пачка)"
каталин,5 шкаф зал,В,3,
комбиган,5 шкаф зал,В,3,права у стены 
накван,5 шкаф зал,В,3,справа в конце 
пикторид,5 шкаф зал,В,3,центр у стены 
бактавит,5 шкаф зал,В,3,
биматан,5 шкаф зал,В,3,
бринзопт,5 шкаф зал,В,3,
визин,5 шкаф зал,В,3,"справа внизу, рядом с анаураном "
тобрекс,5 шкаф зал,В,3,
визоптик,5 шкаф зал,В,3,"справа ближе к нижнему углу, рядом с визином "
фенилэфрин,5 шкаф зал,В,3,"правый верхний угол, над отипаксом "
оквис,5 шкаф зал,В,3,"справа, ближе к правому углу "
стелафрин,5 шкаф зал,В,3,
ирифрин,5 шкаф зал,В,3,
отипакс,5 шкаф зал,В,3,верхний правый угол 
анауран,5 шкаф зал,В,3,
визин,5 шкаф зал,В,3,
офтрикс,5 шкаф зал,В,3,"аналог визина, справа возле него "
максиколд ототита,5 шкаф зал,В,3,справа у стены 
бутылки для кормления ,5 витрина,,,
тест полоски ,5 витрина,,,
крема для рук,5 витрина,,,
презирвативы ,5 витрина,,,
мыло для рук,5 витрина,,,
шампуни и средстава для волос,5 витрина,,,
гигиеническая помада,5 витрина,,,
анвимакс,2 шкаф зал ,А,1,
колдрекс ,2 шкаф зал ,А,1,
фервекс ,2 шкаф зал ,А,1,
ринзасип ,2 шкаф зал ,А,1,
максиколд,2 шкаф зал ,А,1,
линкас ,2 шкаф зал ,А,1,хорошо для отхаркивания при курении табака 
пентафлуцин,2 шкаф зал ,А,1,Справа
вайруфлю,2 шкаф зал ,А,1,
флюкомп,2 шкаф зал ,А,1,
ТераФлю,2 шкаф зал ,А,1,
бромгекомб ,2 шкаф зал ,А,2,
Аскорил ,2 шкаф зал ,А,2,
кофасма ,2 шкаф зал ,А,2,
Кленбутерол,2 шкаф зал ,А,2,
Джосет,2 шкаф зал ,А,2,
грудной эликсир,2 шкаф зал ,А,2,
халиксол ,2 шкаф зал ,А,2,
Лазолван ,2 шкаф зал ,А,2,
коделак бронхо ,2 шкаф зал ,А,2,
сироп легков ,2 шкаф зал ,А,2,
бронхосип ,2 шкаф зал ,А,2,
бромгексин,2 шкаф зал ,А,2,
флюдитек ,2 шкаф зал ,А,2,
карбоцистеин ,2 шкаф зал ,А,2,
бронхобос таб,2 шкаф зал ,А,2,"слева, возле коделак нео"
панатус,2 шкаф зал ,А,2,
омнитус,2 шкаф зал ,А,2,
аброксол ,2 шкаф зал ,А,3,
амброгексал ,2 шкаф зал ,А,3,
бромгексин,2 шкаф зал ,А,3,
эспа-нац,2 шкаф зал ,А,3,аналог ацц 
флуимуцил,2 шкаф зал ,А,3,
доритрицин ,2 шкаф зал ,А,3,
ацц таблетки ,2 шкаф зал ,А,3,
Мукалтин ,2 шкаф зал ,А,3,
доритрицин,2 шкаф зал ,А,3,
эльмуцин ,2 шкаф зал ,А,3,
эдомари,2 шкаф зал ,А,3,
Амбробене таблетки,2 шкаф зал ,А,3,"слева, возле Амброксол таб"
таблетки от кашля ,2 шкаф зал ,А,3,аналог термопсиса 
парацетамол сироп детский,2 шкаф зал ,А,3,
нимулид суспензия,2 шкаф зал ,А,3,
ибупрофен суспензия,2 шкаф зал ,А,3,
Нурофен суспензия детская,2 шкаф зал ,А,3,
риниколд ,2 шкаф зал ,А,3,
колбаски,2 шкаф зал ,А,3,
ринза ,2 шкаф зал ,А,3,
латран ,4 зал,А,3,"справа у стены, где Церукал "
алендронат ,1 зал,А,3,
номидес ,1 витрина ,,,противовирусный 
сангвиритрин ,1 витрина ,А,6,слева 
ортофен гель ,4 витрина ,В,1,аналог диклофенака 
диклофенак гель,4 витрина ,В,1,
сульгин авексима ,2 шкаф зал ,В,2,
магикопласт,2 шкаф зал ,А,4 или 5 ,
Ингалипт ,2 шкаф зал ,А,5,справа в углу 
Зиртек капли ,3 витрина ,А,2,
гальманин ,4 витрина ,А,5,у стекла 
тиоктовая кислота ,4 склад ,А,3,"в самом конце, у стенки "
азеластин ксантис ,3 витрина ,А,2,"центр, на Фенистил "
долгит ,3 витрина ,А,5,ибупрофен 
амелотекс гель ,3 витрина ,А,5,
камфорное масло ,3 витрина ,В,2,край справа 
индовазин гель ,4 витрина ,В,1,"ещё и против отека, не бюджетное решение, можно купить отдельно два геля из состава и будет дешевле "
финлепсин ,склад подоконник ,,,
доктор тайс сироп,1 витрина зал ,А,5,можно беременным 
прополиса настойка,3 витрина ,В,1,
индапамид ретард ,3 зал ,А,5,рядом с алси 
Меновазин спрей ,3 витрина ,В ,2,за баночками Меновазина 
Дюфалак ,3 витрина ,А,3,действующее вещество лактулоза 
юнивит Аква ,2 зал ,В,3,рядом с аквадетримом 
момат Рино ,3 витрина ,А,1,
офлоксацин,2 зал,В,1,справа у стенки 
аленталь ,3 витрина ,А,5,аналог аэртала
афала ,3 витрина ,А,1,"справа у стены, возле карипаина "
Амоксиклав сироп,2 зал ,А,4,
соли для ванн ,4 витрина ,В,2,
нифурал,4 зал ,А,4,
эглонил,1 витрина ,В,2,"справа, возле баклосана у стенки "
Некст экспресс ,3 витрина ,А,3,у стекла слева 
ноопепт,3 витрина ,А,2,
Терафлекс крем,3 витрина ,А,5,у стекла 
борная кислота порошок ,4 зал ,В,3,
лактацид классик ,5 витрина ,А,5,в центре 
ladycheck ледичек тесты ,под кассой ,В,1,
Магния сульфат порошок ,2 холодильник ,,2,справа у стенки 
метеоспазмин,3 витрина ,А,3,"справа возле панзинорм, класть на микразим "
эритадин ,3 витрина ,А,2,дезлоратадин 
фолиевая кислота ,2 зал ,В,3,
метронидазол гель,4 витрина ,А,4,
трекресил ,1 витрина ,А,4,
гастрофарм,3 витрина ,А,3,у стекла слева 
пироксикам ,3 витрина ,А,5,
сирдалуд,1 витрина ,В,2,"в конце, по середине "
панзинорм ,3 витрина ,А,3,аналог панкреатина 
Нурофен экспресс ,3 витрина ,А ,4,
Афобазол,3 витрина ,А,2,
Аскофен ультра ,3 витрина ,А,4,
кромицил ,3 витрина ,А,2,противоаллергические капли 
Мильгамма таблетки ,2 зал,В ,3,
тербикс ,4 витрина,А,4,"аналог тербинафина, в центре у стекла, сверху микодерма "
детский крем ,5 витрина,А,4,
цинокап ,4 витрина,А,4,"слева, почти возле стенки "
полинадим,3 витрина,А,2,противоаллергические капли 
глево ,2 зал,В,1,
Лизобакт ,2 зал,А,5,
пепсан ,4 зал,А,4,
ацикловир таб.,1 витрина ,В,1,
диара,3 витрина ,А,3,"Лоперамид, слева у стекла, где Имодиум "
вигантол ,2 зал,В,3,витамин д3
офлоксацин ,2 зал,В,1,
тербинафин крем,4 зал,В,1,
Маалокс ,3 витрина ,А,3,в центре
Тенотен ,3 витрина ,А,2,
лактофильтрум,3 витрина ,А,3,
Нимесулид гель ,3 витрина ,А,5,
фитолакс,4 витрина ,А,3,
амитриптилин ,1 витрина ,В,2,край справа 
фенибут ,1 витрина ,В,2,
грандаксин ,1 витрина ,В,2,
моксифлоксацин,2 зал,В,1,
винпотропил,3 зал,В,1,
Рио подсластитель ,4 витрина ,А,2,
сукразит,4 витрина ,А,2,
Пантогам ,3 зал,В,1,в самом центре ящика 
спасатель мазь ,3 витрина ,А,6,
Сорбифер дурулес ,2 зал ,В,3,
монтрал ,3 витрина ,А,2,
омега 3,4 витрина ,А,3,
барсучий жир сустамед,4 витрина ,А,3,
астродерм ,4 витрина ,А,4,"правее рядом с нафтифином , аналог Контрактубекс "
софрадекс,5 зал,В,3,"около стиллавита и Ципролет, в правой стороне "
Фемибион ,2 витрина,А,1,справа за симбиотиком 
перметрин ,4 витрина ,А,4,
ла-кри,4 витрина ,А,4,
горный кальций,4 витрина ,А,3,
ангиовит ,2 витрина ,А,1,
нафтифин,4 витрина ,А,4,противогрибковое 
тербикс спрей,4 витрина ,А,4,
фенисмарт ,3 витрина ,А,2,аналог фенистила 
ренгалин ,1 витрина ,А,5,
вечернее биокор ,5 зал ,В,2,
Венарус гель,4 витрина ,А,5,
Мальтофер ,2 зал,В,3,"с железом, для детей "
флуифорт,2 зал ,А,2,
эндокринол,3 витрина ,А,1,у стекла слева 
масло расторопши капс.,5 зал,В,2,
каламин лосьон ,4 витрина ,А,4,"левее, возле судокрема"
Мирамистин раствор и спрей,1 витрина ,А,6,
Снуп ,1 витрина ,А,3,
отривин бэби ,1 витрина ,А,1,
карбамазепин ,подоконник ,,,
хондрофен ,3 витрина ,А,5,
циндол,4 витрина ,В,2,
Ринофлуимуцил ,1 витрина ,А,3,
ибупрофен ,1 зал,А,3,
мелатонин ,1 витрина ,В,2,
доксазозин ,1 зал ,В,3,
отофа,1 холодильник,,,
Юнидокс солютаб,2 зал,В,2,
Вильпрафен солютаб ,2 зал ,В,1,справа у корзинок 
ангидак,1 витрина ,А,6,"центр, аналог тантума "
Магне В6,2 витрина,А,1,
боботик,3 витрина ,А,3,
ондансетрон ,4 зал ,А,3,"справа у стены, где Церукал"
Тержинан ,1 зал ,В,1,
скорая помощь с бадягой,4 витрина ,В,2,
ноотроп,4 витрина ,А,3,
Ципролет А,2 зал ,В,2,бюджетный аналог цифрана
цефиксим ,2 зал,В,1,
шиповника сироп ,5 зал,А,4,
никотиновая для волос ,5 витрина ,А,2,
веррукацид,5 витрина ,А,2,у стекла справа 
кандид для полости рта,4 витрина ,А,4,
нифурател ,2 зал,В,1,"центр, возле моксифлоксацин "
Сумамед порошок ,2 зал ,В,2,
алкоапн ,3 витрина ,А,4,
Синекод капли,1 витрина ,А,5,
Тонзилгон ,1 витрина ,А,5,
омнитус капли ,1 витрина ,А,5,
люголь ,1 витрина ,А,6,
стоматофит ,1 витрина ,А,6,
гербион ,1 витрина ,А,5,
геделикс ,1 витрина ,А,5,
Синекод сироп ,1 витрина ,А,5,
артрум ,4 витрина ,В,1,
лизоцим ,2 зал,А,5,
боро плюс,4 витрина ,А,5,
кордарон ,3 зал,А ,5,левее за амиадароном 
тетрациклин таб.,2 зал ,В,2,справа в контейнере 
фолибер,2 зал ,В,3,
микодерил ,4 витрина ,А,4,
кетомизол+,4 витрина ,А,1,
мастодион,3 витрина ,А,1,
итилокт тиоктовая кислота ,4 склад ,А,3,аналог октолипен 
микоспрей,4 витрина ,А,4,
декспантенол ,4 витрина ,А,4,
назарел ,3 витрина ,А,2,
фликсоназе,3 витрина ,А,2,
Пантогам  раствор дети,3 зал,В,1,
нозефрин,3 витрина ,А,1,
тацин мазь софарма,4 витрина ,В,2,
Анаферон ,1 витрина ,А,4,
Лавомакс ,1 витрина ,А,4,
Афлубин ,1 витрина ,А,4,"слева, около анаферона "
ипидакрин ,1 витрина ,В,1,"аксамон, в центре, около арпефлю "
орвирем ,1 витрина ,В,1,
бронхо-мунал,1 витрина ,В,1,
реслип ,1 витрина ,В,2,
донормил ,1 витрина ,В,2,
фенибут ,1 витрина ,В,2,
амитриптилин ,1 витрина ,В,2,
мелатонин ,1 витрина ,В,2,
толперизон,1 витрина ,В,2,бюджетный аналог мидокалма 
рокона ,1 витрина ,В,2,
кветиапин,склад,,,
доксиламин,1 витрина ,В,2,
гроприносин ,1 витрина ,В,1,
Атаракс ,1 витрина ,В,2,
Ципрофлоксацин 500мг,2 зал ,В,2,бюджетный вариант цифрана 
максиколд ототита,5 зал ,В,3,
укропная вода ,5 витрина ,А,4,
заживайка,5 витрина ,А,4,у стекла 
магний цитрат ,2 витрина ,А,самый вверх,
Данцил ,5 зал ,В,3,"около лафракса, слева у верхнего угла "
шунгит ,3 витрина ,А,6,
доктор газекс,3 витрина ,А,3,
нанопласт,3 витрина ,А,5,
до и после крем ,4 витрина ,А,5,
тромбогель 1000 ,4 витрина ,В,2,слева у стенки 
Парадиз ультра ,4 витрина ,А,4,около педикулена 
МКЦ,4 витрина ,А,2,у стекла слева 
Персен ,3 витрина ,А,2,
риксинт ,1 витрина ,А,3,
Кальция глюконат таблы,1 склад,Б,,Возле аскорбинки
эпитонекс,4 витрина ,А,4,"правее, где нафтифин "
менорил,3 витрина ,А,1,
фиточай алтай,4 витрина ,А,2,
Амоксициллин,1 склад ,А,2,Слева
дезлоратадин,3 витрина ,А,2,
бромгекомб ,2 зал,А,2,
бальзам золотой звезда ,2 витрина ,А,2,
линкас лор бальзам ,2 витрина ,А,2,
доктор мом мазь,2 витрина ,А,2,
кестин ,3 витрина ,А,2,у стекла 
Эспумизан беби ,3 витрина ,А,3,
Эспумизан ,3 витрина ,А,3,справа возле фильтрума
эльмуцин ,2 зал ,А,3,
фитосвечи ушные,5 зал,В,2,
цитовир детский ,1 витрина ,В,1,
олифрин ,1 витрина ,А,3,
судокрем ,4 витрина ,А,4,
гиалурол,5 витрина ,А,2,
метиленовый синий ,3 холодильник ,,5,
калия йодид ,2 витрина ,А,1,
Изопринозин ,1 витрина ,В,1,
лориста,3 зал ,А,3,
риолма,3 зал,А,3,аналог ипперон/эспиро (справа вначале)
Саб симплекс ,3 витрина ,А,3,
телмисартан ,3 зал ,А,2,"слева у стенки, замена телсартана "
опатанол,3 витрина ,А,2,
йодинол,5 витрина ,В,2,слева у стены 
Креон ,3 витрина ,А,3,
акристил,3 витрина ,А,2,
пиридоксина гидрохлорид,2 зал ,В,3,нижний угол слева 
Амоксициллин+клавулановая кислота ,2 зал ,В,1,
успоковенок,3 витрина ,А,2,
масло репейное ,5 витрина ,А,2,
азелик,4 витрина ,А,4,у стекла 
панкрамин,4 витрина ,А,3,"правее, около омега 3"
блогир ,3 витрина ,А,2,
марля,1 склад ,А,,
декскетопрофен,3 склад ,А,3,рядом с Нимесилом 
каметон,2 зал ,А,5,рядом с ингалиптом 
амоксициллин капс,2 зал ,В,1,
клацид,2 зал,В,1,рядом с Сумамед 
Анна тампон ,4 витрина ,А,6,у стекла 
Амбробене таб,2 зал ,А,3,
траумель,3 витрина ,А,5,"слева у стенки, выше мазей с ядом "
линкомицина гидрохлорид ,4 склад ,А,1,слева у стены 
звёздочка ЛОР,2 зал ,А,4,
овесол,4 витрина ,А,3,
фринозол ,3 витрина ,А,2,
венитан,4 витрина ,А,5,
натрия тетраборат ,4 витрина ,В,1,
фазостабил ,3 зал,В,1,аналог Кардиомагнил 
доксициклин,2 зал,В,2,справа в контейнере 
бинт эластичный ,5 витрина ,А,4,
бадяга гель,4 витрина ,В,2,
залаин крем,4 витрина ,А,4,"центр в начале, около нафтифина "
глицин форте,4 витрина ,А,3,
фураданизол,2 зал ,В,2,
папазол,5 витрина ,В,2,
крем Любава ,5 витрина ,А,3,
ибупрофен акос 400мг,3 витрина ,А,4,
Рибоксин ,3 зал ,В,2,за Аспаркам 
Церукал ,4 зал ,А,3,справа у стены за метоклопрамид 
иплерон ,3 зал ,А,3,аналог эспиро 
габапентин,1 витрина ,В,2,
глицерин раствор ,3 витрина ,В,1,в контейнере 
Панавир инлайт,5 витрина ,А,6,
ревит драже,2 зал ,А,5,
ундевит драже ,2 зал,А,5,
аскорбиновая кислота драже,2 зал,А,5,
салипод,5 зал ,В,1,
энам,3 зал,А,4,слева у стены (угол)
апилак ,2 витрина ,А,1,
комплекс для почек,4 витрина ,А,3,
клирвин,5 витрина ,А,2,у стекла по центру 
белосалик лосьон,4 витрина ,А,4,
олазоль,4 витрина ,А,4,
паноксен,3 витрина ,А,4,
Фуразолидон ,2 зал ,В,2,
чемеричная вода,3 витрина ,В,2,
комбалгин гель,4 витрина ,В,1,по центру
дермовейт,4 зал ,В,2,
гидроксизин канон ,1 витрина ,В,2,аналог Атаракс 
пивные дрожжи ,5 витрина ,А,2,
аэртал гель ,3 витрина ,А,5,
азикс дерм,4 витрина ,А,4,
супер оптик ,2 витрина ,А,1,
прегинор,3 витрина ,А,1,
ринобакт,1 зал ,А,4,
моксифлоксацин 400 таб,2 зал ,В,2,
экталуст,3 витрина ,А,2,
изжогофф,3 витрина ,А,3,аналог Ренни 
кардиоактив ,4 витрина ,А,3,"у стекла, центр "
троксиметацин ,4 витрина ,В,1,
эльцет,3 витрина ,А,2,
клензит,4 витрина ,А,4,слева у стекла 
спермацетовый крем ,5 витрина ,А,2,
чистотело,5 витрина ,А,2,
венолайф,4 витрина ,А,5,
гастрасан ,3 витрина ,А,3,аналог Ренни 
сустамол,3 витрина ,А,6,
цикловита,3 витрина ,А,1,центр у стекла 
незулин,4 витрина ,А,4,"слева у стены, в стопке кремов/мазей "
5 дней о пота ,4 витрина ,А,5,
гастал,4 зал,А,3,
экстракт лавзея ,3 зал ,В,2,справа у стены 
Фаринорм,1 витрина ,А,6,у стекла 
Дротаверин ,1 зал ,А ,4,угол справа в корзине 
цетиризин капли,3 витрина ,А,2,"справа у стекла, аналог Зиртек "
гинкго билоба ,4 витрина ,А,3,
аевитамин,5 витрина ,А,2,
стелфрин,5 зал,В,3,"угол справа, под фенилэфрином"
черника форте ,4 витрина ,А,3,у стекла 
дексонал,3 витрина ,А,4,у стекла 
Энтерол,4 зал ,А,4,
форлакс ,4 зал ,А,4,у стены 
дексаметазон капли ,5 зал,В,3,слева у стены 
аскофен ультра ,3 витрина ,А,4,слева у стекла 
дибикор,4 зал ,А,2,"справа у стены, рядом с холензим "
нимулид гель,3 витрина ,А,5,у стекла слева 
Назонекс детский ,3 витрина ,А,2,слева сверху насобека 
аджиколд,2 зал ,А,3,у стены 
малавит,4 витрина ,В,2,возле аммиака 
акристил,3 витрина ,А,2,
блогир ,3 витрина ,А,2,
судороги 911,4 витрина ,А,5,
дягтярное мыло,4 витрина ,А,1,
винпотропил ,3 зал ,В,1,возле омарона
имудон,2 витрина ,А,1,справа 
золотой ус ,4 витрина ,А,5,справа у стекла 
Адаптол,1 витрина ,В,2,"верхний левый угол, возле мебикара "
новая кислота таб.,2 зал ,В,3,рядом с витамином д3
крем череда ,5 витрина ,А,4,
Неотанин,4 витрина ,В,2,верхний угол слева 
ортофен таб.,3 склад ,А,3,рядом с контейнером 
синупрет,1 витрина ,А,5,
дексаТобропт,5 зал,В,3,"аналог тобрадекс, справа "
Аминокапроновая кислота,2 холодильник,1,1,Сперва наверху
льняное масло ,2 холодильник ,дверь ,,в самом низу 
renu,5 витрина ,А,1,
нексемезин,3 витрина ,А,4,
мотрин,3 витрина ,А,4,"у стекла, в центре, возле ношпы "
муравьиная кислота и окопник,3 витрина ,А,6,у стекла 
тералив ,3 витрина ,А,4,
глина,4 витрина ,А,6,
арника ,3 холодильник ,дверь ,нижняя полка ,
Бепантен ,4 витрина ,А,4,
тизанидин,1 витрина ,В,2,центр за донормилом 
глимепирид,1 зал ,А,2,справа у стены 
риниколд кофкомплекс ,1 витрина ,А,5,
ринокомплекс,1 витрина ,А,5,
мирамед Эвалар ,1 витрина ,А,6,
максиколд лор ,1 витрина ,А,6,
Лизобакт комплит ,1 витрина ,А,6,
ТераФлю Лар,1 витрина ,А,6,
Фенистил гель ,3 витрина ,А,2,
вагилак,1 холодильник ,,2,
банеоцин,4 витрина ,А,4,
фитомуцил,4 витрина ,А,3,слева у стекла 
фриколд ,1 витрина ,А,4,
арпефлю,1 витрина ,В,1,
Циклоферон ,1 витрина ,В,1,
ангионорм,4 витрина ,А,3,справа у стекла (возле гинкобилобы)
эубикор,4 витрина ,А,2,
ливесил форте ,4 витрина ,А,3,
фталазол ,2 зал,В,2,
офтаквикс,5 зал,В,3,левый верхний угол 
кардиАСК,3 зал ,В,1,слева где циннаризин 
винилин,4 зал ,А,3,
подагрель,1 зал ,А,3,"в центре, вначале "
картифлекс,3 витрина ,А,1,у стекла 
экзостат ,4 витрина ,А,4,
лимонника настойка,3 зал ,В,2,
офтолик,5 зал,В,3,в центре 
дюфалоза ,4 зал ,А,2,центр у стены 
мочевина 25% крем,4 витрина ,А,5,
мочевина 25% крем,4 витрина ,В,2,у стены 
роноцит,3 склад,А,4,
Имодиум ,3 витрина ,А,3,
пропосол спрей ,1 витрина ,А,6,справа у стены 
урефрон,1 зал ,В,3,"справа у стенки, ближе к верхнему углу, где нефростен "
глюкованс ,1 зал,А,2,
баклосан ,1 витрина ,В,2,справа угол
Тантум верде,1 витрина ,А,6,у стекла
аскофен п,1 зал ,А,4,
тардиферон,2 зал,В,3,"ближе к правому верхнему углу, около витамин А, у стены "
мексэллара,4 склад,А,3,
Комбилипен ,2 зал,В,3,
Троксевазин,4 зал,В,1,
Альфазокс ,4 зал,А,4,"У стены возле полесорба, перед фолракс"
фенофибрат,1 зал ,А,2,слева 
эзетимиб ,1 зал ,А,2,
липобон ,1 зал ,А,2,слева 
асккардио,3 зал ,В,1,
циклим,3 витрина ,А,1,
кордиамин,3 зал ,В,2,"у стены в центре, за панангином "
Пимафукорт,4 зал,В,2,Справа  у стены возле дерматин 
индоколлир,5 зал ,В,3,правый угол  (он же индометацин капли)
пироксикам капс,1 зал,А,3,
нормакс ,5 зал ,В,3,в центре 
ребагит,4 зал ,А,3,
арпефлю,1 витрина ,В,1,
гиоксизон,4 зал ,В,2,
кордиамин раствор,подоконник ,,,
энтофит лакс,4 витрина ,А,3,
Седальгин,3 витрина,А,4,За пенталгином ближе к стеклу 
Феррумтабс,2 зал,В,3,
дитамал,3 витрина ,А,1,
эффералган,1 витрина ,А,4,
бромгексин берлин хеми,2 зал ,А,2,слева 
альфаксим ,2 зал ,В,1,"справа, около корзинок "
касторовое масло ,3 витрина ,В,2,
Йодомарин ,2 витрина ,А,1,
рамиприл,3 зал,А,5,правый нижний угол 
амитриптилина тригидрат ,2 зал,В,2,
цинктерал ,2 витрина ,А,самый верх ,
салицинк,5 витрина ,А,2,
фозиноприл ,3 холодильник ,Дверь,,
хемомицин,2 зал,В,2,
фозиноприл,3 зал ,А,3,"левее, вначале "
скиноклир,4 витрина ,А,4,
Панцеф ,2 зал,А,4,дешевле супракса 
дибазол таб,5 витрина ,В,1,в корзине 
венозол,4 витрина ,А,5,
виардо,3 витрина ,А,1,
Дигоксин,Сейф,,,
денол,4 зал ,А,3,угол справа 
ТОФф плюс,2 зал,А,3,Справа в углу возле ринза 
лимфотранзит,4 витрина ,А,2,слева у стекла 
табенова,3 витрина ,А,4,слева у стены 
валерианаВ6,4 витрина ,А,3,
Дерма кап,4 витрина,А,4,Слева у стекла 
панкреатин реневал,3 зал ,А,3,
симбиотик мах,2 витрина ,А,1,
цитофлавин раствор ,4 склад ,А,3,"справа у стены, вначале "
гилуароновый кркм,5 витрина ,А,2,
апизартрон,3 витрина ,А,5,"слева угол, у стекла "
Левофлоксацин таблетки ,2 зал,В,1,
фаспик,3 витрина ,А,4,
непафенак,5 зал ,В,3,"справа , ближе к правому углу, бюджетный аналог неваеака"
чудохаш,3 витрина ,А,6,у стекла 
мастофит,3 витрина ,А,1,
эсвицин,5 витрина ,А,2,
левомицетин капс ,2 зал,В,2,
рутацид,3 витрина ,А,3,"около стекла, в центре "
холитилин,3 зал ,В,1,в центре 
раниклав,2 зал ,В,1,"слева у стены, аналог Амоксиклав "
эмсибел,5 зал ,В,3,"аналог эмоксиоптика, в центре, левее, возле тимолола "
экоклав,2 зал ,А,4,
Белосалик лосьон,4 витрина ,А,4,
лидокаин глазные ,5 зал ,В,3,справа 
дермакап,4 витрина ,А,4,слева 
клиндамакс,4 витрина ,А,4,"слева, где судокрем "
сигницеф,5 зал ,В,3,верхний угол слева 
дышесол,1 витрина ,А,3,"слева, около риностоп "
джес,1 зал ,В,2,слева 
визокко,5 зал ,В,3,"аналог визина, справа внизу, возле анаурана "
спазган,1 зал ,А,4,слева 
нитрофунгин,4 зал ,А,4,"угол справа у стекла, где кандид "
тавегил,3 витрина ,А,2,слева у стекла
эритромицин таб.,2 зал ,В,2,справа в контейнере 
ломфлокс ,2 зал ,В,1,вроде в центре у стены 
лекролин,3 зал ,А,2,
до и после крем ,4 витрина ,А,5,
пародонтоцид,3 витрина ,В,1,
алесорб,4 зал ,А,4,рядом с энторосгелем 
зилекса,1 витрина ,А,6,"слева, рядом с миристоилом "
страйк плюс ,3 витрина ,А,4,"в центре, у стекла "
нефопам.,1 зал ,А,3,
тагиста,3 зал ,В,1,"аналог бетагечтина, справа "
Амброксол таб,2 зал ,А,3,
магний б6 ЭКО ,2 витрина ,А,самый верх ,
витамины красоты ,3 витрина ,А,самый верх,где Глюкозамин 
нефопам,4 склад ,А,1,
цинка сульфат диа,5 зал ,В,3,"центр, рядом с ципромедом "
климаксан,3 витрина ,А,1,слева у стекла 
рамни,3 витрина ,А,3,"справа у стекла, аналог Ренни "
йодинол спрей,1 витрина ,А,6,
ксизал,3 витрина ,А,2,у стекла 
сигида,5 зал ,В,3,
цересил ,3 зал ,В,1,правее от центра
трекрезан,1 витрина ,А,4,слева за контейнером 
Рисперидон,1 витрина,В,2,центр у стены 
меберин,4 зал ,А,3,перед омезом 
бронхипрет,1 витрина ,А,5,слева у стекла 
левофлоксацин капли,5 зал ,В,3,слева верхний край 
олопаталлерг,3 витрина ,А,2,в центре 
долоспа,3 витрина,А,4,Возле нурофена 
хилокомод,5 зал ,В,3,"центр, около демазол "
окомистин ,5 зал ,В,3,"центр, около ципромеда, ципролета, стиллавит"
ницерголин,1 витрина ,В,2,в центре 
бензоилбензоат мазь ,3 холодильник ,,4,справа край 
формидрон,4 витрина ,В,2,рядом с циндолом 
бифиформ,4 зал ,А,2,около мезима 
бримайза дуо,5 зал ,В,3,"около комбигана, справа у стены "
омникокас ,1 зал,В,3,аналог омника 
котримоксазол,2 зал,В,1,В корзике где левофлоксацин и глево 
преднизон,1 зал ,А,3,справа около верхнего угла 
серлифт,,,,где абуцел
тиоктовая кислота,1 зал ,А,2,
тетурам,1 витрина ,В,2,"справа, за толперизоном "
Капилар,4 витрина,А,3,Возле пустырник форте и омега 
зеркалин,4 витрина ,А,4,
долонит,3 витрина,А,5,"Аналог долобене, справа от долгита "
Фукорцин,3 холодильник ,,5,
Цинкорол,2 витрина,А,,Самый верх
сонапакс,,,,
антигриппин анви,1 витрина ,А,4,справа край 
лифтинг крем,5 зал ,А,3,в начале - центр 
Дифлюкан ,1 зал ,В,2,в коробке где флуконазол
бензоилбензоат эмульсия ,3 холодильник ,дверь ,,
флуоксетин,1 витрина,В,2,Справа в углу
витаон,4 витрина ,В,2,возле аммиака 
орнидазол,1 зал ,В,2,"центр, возле итраконазола "
селецин,2 витрина ,А,1,
фуцидин,4 витрина ,А,4,слева угол у стекла
мастопол,3 витрина ,А,1,
Псило бальзам,4 витрина,А,4,Слева в стопке разных мазей
кордипин,3 зал ,А,4,"слева, возле норваска "
нормоэнзим,4 зал ,А,2,на Фестал 
настойка сабельника,3 витрина ,А,1,справа у стекла
флебофа,4 витрина ,А,5,слева у стекла 
глюкоза в пакетах,4,А,1,справа 
Винпоцетин концентрат,4,А,3,Возле рибоксина/октолипена 
ревалгин раствор ,4 склад ,А,4,около анальгина и спазгана 
овипол Клио ,1 зал ,В,1,слева у стены 
плавикс,3 зал ,А,2,"нижний край справа, сверху дипиридамола "
микозон,4 витрина ,А,4,"центр у стекла, возле кандида "
назаваль,1 витрина ,А,3,"центр, около отривина "
экаменол назо,1 витрина ,А,3,"левее центра, около назаваль "
амброксол сироп ,2 зал ,А,2,"в центре, у стены, около Амбробене "
Клотримазол свечи ,1 зал ,В,1,"слева, верхний угол "
колофорт,4 зал ,А,3,"справа у стенки, ближе к верхнему углу "
уробинефрон,1 зал ,В,3,справа в контейнере (угол)
фортедетрим ,2 зал ,В,3,в центре 
инокаин,5 зал ,В,3,"центр, около Стиллавин или лидокаин "
артрокомплекс,4 витрина ,А,2,"справа, возле стенки "
декспантель,5 зал ,В,3,"центр ближе к верхней стене, аналог корнерегеля"
лорноксикам ампулы ,4 склад ,А,4,бюджетный аналог Ксефокам 
лорнолиоф,пенал,,5,бюджетный аналог Ксефокама
гекмет,4 зал ,В,1,бюджетный аналог метрогила
мицин,2 зал,В,1,"справа угол внизу, в корзинке "
эдомари,2 зал ,А,,
золотой ус ,4 витрина ,А,5,"справа у стекла , угол "
бадяга порошок ,4 зал ,В,3,"в центре, контейнер "
систейн ультра,5 зал ,В,3,"центр, около стилавита"
ликопид 1,1 витрина ,А,4,"справа нижний угол, около упсарина "
Азитромицин Эко,2 зал ,В,2,слева около Сумамеда 
леветирацетам,склад,,,где абуцел 
полифепам,4 зал ,А,4,верхний угол справа 
колдакт флю плюс капс.,2 зал ,А,3,"справа угол, где Ринза "
лозартан вертекс,3 зал ,А,3,справа у края 
тонзилосепт,1 витрина ,А,5,"аналог тонзилгона, слева у стенки"
карталин,4 зал ,В,2,"слева около акрилерма, у стены нижней "
Вишневского,3 холодильник ,,6,справа угол 
октолипен,4 склад ,А,3,"у стены в центре, бюджетный аналог берлитиона "
новобисмол,4 зал ,А,3,"правый угол, бюджетный аналог денола "
сафистон,3 витрина ,А,4,"центр, на стекло, выше страйка "
ИРС19,2 витрина ,А,1,"на стекло, центр, где Элевит "
успокоительный сбор ,5 зал ,А,4,нижний край слева 
ил таб,2 зал ,А,2,"слева нижний край, где бромгекомб это его бюджетный аналог "
Порталак ,4 зал,А,2,У стены возле фестала
синукомб,1 витрина,А,5,Аналог синупрет 
Цитралгин ,3 витрина,А,6,Возле спецмази 
праджистан,3 зал,В,2,"ближе к левому верхнему углу, бюджетный аналог упраджистана "
стрессанет,4 витрина ,А,3,справа около лецетина 
бебифрин,1 витрина ,А,3,"около левого верхнего угла,  "
плантаглюцид,4 витрина ,А,3,"справа ближе к центру, около барсучьего жира"
гепато,4 витрина ,А,3,"справа ближе к центру, за барсучьим жиром "
Назацил рино ,1 зал ,А,5,"Слева, аналог виброцила "
Наятокс,3 витрина,А,5,Слева у стекла
эргоферон ,1 витрина ,А,4,"левее центра, у стекла "
феницитол,3 витрина ,А,2,"справа у стекла, аналог фенистила "
инфлюцеин,1 витрина ,А,4,"справа, около арбидола "
фундизол,4 витрина ,А,5,справа у стены 
миоризон,3 холодильник ,,1,"центр, аналог ампул мидокалма "
суприма бронхо,1 витрина ,А,5,"возле нижнего левого угла, около тонзилгона "
демотен,5 зал ,В,3,"центр, рядом с демазолом"
диметинден,3 витрина ,А,2,дешевле фенистила 
индометацин ,4 витрина ,В,1,"слева, противовоспалительное бюджетное "
гомеовокс,1 витрина ,А,5,центр у стекла 
левосин,3 холодильник ,,6,"слева, между Левомеколь и левометилом "
конский каштан настойка,3 витрина ,В,1,справа 
квисил,3 витрина ,А,2,"центр, у стекла, над ксизалом "
фитоиммун,2 витрина ,А,2,"справа, возле стекла, где линкас и доктор мом "
дортимол антиглау,5 зал,В,3,"аналог дорзопт +, слева около тауфона "
лиотон,4 витрина ,В,2,"слева угол, около тромбогеля, у стены "
мукофальк,4 зал,А,4,"центр у стены, с апельсином упаковка "
регецин,4 витрина ,А,4,"слева около клиндагель, Банеоцин "
вигамокс,5 зал ,В,3,в центре за стилавитом
тексаред,1 зал ,А,3,"в центре у стены, стоит на пираксикаме"
ибупрофен гель,4 зал ,В,1,в центре 
гимекромон ,4 зал ,А,1,нижний угол справа 
зиннат,2 зал ,В,1,"центр, возле таваника "
сульфасалазин,2 зал ,В,2,"правый угол, в корзине "
фарингопромт,2 зал ,А,5,"слева, аналог фарингосепт "
форлакс детский,3 зал ,А,3,слева возле Дюфалак (вначале полки) перед dr. gazex
альфа нормикс,2 зал ,В,1,справа внизу около голубой корзинки 
фезам,3 зал ,В,1,"у нижней стенки в центре, возле омарона "
парадонтоцид,4 зал ,В,1,центр где дентамет 
парадонтоцид раствор ,3 витрина ,В,1,"слева, верхний угол, где левометецин "
циновит,4 витрина ,А,4,слева почти в вернём углу 
эхинацея настойка,2 витрина ,А,1,"центр, у стекла "
мультигамма,1 холодильник ,,1,"б1,6,12 и лидокаин вместе "
дигидроквертицин,2 витрина ,А,"самый верх, левый угол ",
атероклефит,4 витрина ,А,3,"в центре, у стекла, над кардио актив "
аллапинин,3 зал ,А,5,"справа, в начале, рядом рамиприл"
целевит,2 зал ,А,5,"в центре, где ундевит и тд"
аминалон,3 зал ,В,1,"справа, возле мексиприма "
антарейт,3 витрина ,А,3,"слева, у стекла, возле диара "
фринозол,3 витрина ,А,2,"центр, у стекла, возле азеластина "
сульпирид,1 витрина ,В,2,центр 
бринтелликс,,,,
оциллококцинум,1 витрина ,А,4,
преднизолон таб.,1 зал ,А,3,"справа, у стены по середине "
пропанорм ,3 зал ,А,5,"вначале, по середине, возле торасемида "
ампициллина тригидрат,2 зал ,В,1,верхний угол слева 
долоспа,3 витрина ,А,4,"возле мига, правее, рекомендуют при менструальных болях "
валацикловир,1 витрина ,В,1,"левее, вначале "
ахромин,5 витрина ,А,2,центр у стекла 
фрамицетин,1 зал ,А,4,"слева нижний угол, аналог изофры "
прадакса,3 склад,А,3,"левый угол , возле ибупрофен "
толзитол,3 холодильник ,,1,аналог мидокалма 
таймфактор,3 витрина ,А,1,в центре 
эплан,4 витрина ,А,4,"слева, возле судокрема "
коэнзим,,,,
Контрактубекс,4 витрина ,А,4,"справа, возле нафтифина и нюды"
преднизол ампулы,4 склад ,В,1,справа вначале у стены 
зодак,3 витрина ,А,2,"слева, над экталустом"
нистатин таб,1 зал ,В,2,справа нижний контейнер
беллалгин,1 зал ,А,4,"справа, в начале "
элькар,,,,
целекоксиб,1 зал,А,3,Посередине в ближе к стене 
депантол,3 холодильник ,,2,"слева, за цефеконом"
баларпан,5 зал ,В,3,"слева, у стены, возле виксипина и бетаксолол "
новиган,3 зал,А,4,слева у стенки 
диметинден,3 витрина ,А,2,центр у стекла 
зотт,2 зал ,А,5,"слева, аналог лизобакта "
бисакодил свечи,1 зал ,В,1,справа нижний угол 
эсциталопрам,1 витрина ,В,2,"правее центра , ближе к стене "
редерм,4 зал ,В,2,"слева, возле акридерма "
венлафаксин,склад,,,где абуцел
лактомама,5 витрина ,А,4,"справа у стекла, почти угол "
звездочка дуо,2 зал ,А,4,справа у стены 
альфадол,1 зал ,А,3,"справа, возле кетанов"
Клотримазол крем,4 зал ,В,1,слева почти угол 
нафтадерм,4 витрина ,А,4,"слева около нижнего угла, за пантенолом "
теймурова спрей,4 витрина ,А,5,"справа, возле нальманина "
гасит,3 витрина ,А,3,"центр у стекла, аналог Ренни "
Левомицетин раствор ,3 витрина,Б,1,Перед салициловым спиртом 
прозерин,4 склад ,А,2,"центр, у стены, над пентоксифилином "
висмута,4 зал ,А,3,"справа верхний угол, аналог денола "
кетоконазол,1 зал ,В,1,слева в корзине 
панклав,2 зал ,В,1,слева нижний угол 
нормобакт,2 витрина ,А,1,нижний угол справа
липобон,1 витрина ,А,2,"слева, около метформина, аналог отрио "
оку оку,3 витрина ,А,2,"центр, около персена"
визомитин,1 холодильник ,дверь ,2,справа секция 
беллатаминал,1 витрина ,В,2,слева за атараксом 
сенсинор,3 витрина ,А,2,справа над зиртеком 
ларипронт,1 витрина ,А,2,"слева нижний угол, где гексализ "
либексин,1 витрина ,А,5,у стекла в центре 
тобрис,5 зал ,В,3,где тобрадекс 
мастофит крем ,3 витрина ,А,1,"угол слева, у стекла "
Глимепирид ,1 зал,А,2,Справа в дальнем углу
анестезол,3 холодильник ,А,2,угол слева 
бринарга,5 зал ,В,3,"слева почти возле верх.угла, где азарга "
актитропил,,,,где абуцел
Эниксум,4,А,2,Слева у стены перед самеликс
Амоксиклав,2 зал ,В,1,слева 
Калимин ,,,,На полке возле компьютера 
фер ромфарм,4 склад ,А,4,"вначале в центре, сверху любого препа "
губка кровоостанавливающая,5 зал ,В,1,
хонда крем,3 витрина ,А,6,центр у стекла 
мебикар,1 витрина ,В,2,слева у стены 
мофлаксия,2 зал ,В,1,"у стены справа, в корзине "
мемантин,1 витрина ,В,2,"центр у стены, возле мебикара"
Барбарис комп,1 витрина ,А,5,У стекла ближе к левому краю возле синупрет 
афалаза,3 витрина ,А,1,справа у стены 
пектусин,2 холодильник ,Дверь ,,возле рыбьего жира 
гидрохлортиазид,3 зал ,А,5,"слева, низ возле гипотиазид "
флоксал,5 зал ,В,3,"слева, возле виксипина и офтагель"
фотил капли,1 холодильник ,дверь ,,
демефецил,1 зал ,А,5,"центр начало, аналог виброцила "
тералиджен,1 витрина ,В,2,слева за атараксом у стенки 
папаверин свечи,3 холодильник ,,2,
вибуркол,1 витрина ,В,1,справа у стены 
Амбробене стоптуссин таб.,1 витрина ,А,5,справа у стекла 
грамицидин реневал,1 витрина ,А,2,слева за аджисептом 
бишофит,3 витрина ,А,6,центр начало 
броксинак,5 зал ,В,3,"справа в конце, аналог наквана"
лимфомиозот,1 витрина ,В,1,справа вначале у стены 
простакор,1 холодильник ,дверь,,
соталол,3 зал ,А,3,"справа, аналог сотагексала"
артрокер,1 зал ,А,3,центр у стены 
алфупрост,1 зал ,В,3,центр возле профлосина 
дексаметазон таб.,1 зал ,А,2,вначале центр 
Вессел ДУЭ Ф амп.,4 склад ,А,2,левый верхний угол 
осельтамивир,1 витрина ,А,3,"около упсарин упса, угол справа "
комплекс с артишоком,4 витрина ,А,3,"левее центра, у стекла "
тенолиоф,4 склад ,А,4,слева нижний угол
клиндовит,4 витрина ,А,4,"центр, стекло "
соль для ванн,4 витрина ,В,2,центр 
иммард,3 зал,А,,где телпресы 
этамзилат,4 склад ,В,1,"слева, почти вначале"
лакри,4 витрина ,А,4,"слева, где судокрем "
пиколинат хрома,2 витрина ,А,1,где цинкрол 
кальцемин адванс,2 витрина ,А,1,слева где симбиотик 
линкомицин,2 зал ,В,2,справа в контейнере 
левопронт,2 зал ,А,2,справа около коделак нео 
витридинол,4 зал,А,3,"правый верхний угол, аналог денола"
папаверин таб,5 витрина ,В,1,в контейнере 
натрия пикосульфат,4 зал ,А,4,"слева, аналог слабилен "
энтеродез,4 зал ,А,4,"слева в контейнере, где энтерол"
триампур,3 зал ,А,5,"центр в начале, около допегита "
римантадин,1 витрина ,В,1,верхний угол слева 
экофуцин,1 зал ,В,1,"центр, контейнер"
Кеторол гель ,3 витрина,А,5,Слева у стекла над найз 
гистан,4 витрина,А,4,"слева почти у стены, возле декспантенол "
гистан,4 витрина ,В,1,слева верхний угол
исмиген,2 витрина ,А,1,"справа, типо имудона "
кальцид,4 витрина ,А,3,"справа, возле лецитина "
дорзотимол,5 зал ,В,3,"слева, возле дорзопт плюс "
дермазин,4 зал ,В,2,"справа, аналог оргосульфана, мазь на серебре против пролежней "
тримебутин,4 зал ,А,3,"справа, возле необутина "
тинидазол,1 зал ,В,2,"справа, возле трихопола"
клион д,1 зал ,В,1,слева 
секнидокс,1 зал ,В,2,"справа, где сотрет"
элевит,2 зал,А,1,справа верхний угол у стекла 
оланзапин,склад ,,,где абуцел
прогинова,1 зал ,В,2,слева 
пароксетин,1 витрина ,В,2,центр у стены 
реглисам,1 витрина ,В,1,"центр, где сиропы "
манорен,1 зал ,В,3,"справа, где уронекст "
сульпирид ,1 витрина ,В,2,центр стена 
эксхол,4 зал ,А,1,за урсосаном 
карбомазепин,подоконник ,,,
ренобрейн см,3 холодильник ,А,1,"центр, где Кортексин это его аналог "
зенон,1 зал ,А,2,слева перед диабетоном 
акримиколь,4 витрина ,А,4,"Аналог залаин , центр начало "
фексофаст,3 витрина ,А,2,"левее вначале, где экталуст "
гастрогутал,4 зал ,А,3,"справа, возле гевискон, домперидон "
трирегол,1 зал ,В,2,"слева, возле верхнего угла "
дузофарм,3 зал ,В,1,"слева у стены, за контейнером "
белластезин,1 зал ,А,4,"справа вначале, возле контейнера "
вазобрал,1 витрина ,В,1,нижний  край справа 
нормавен,4 витрина ,А,5,слева у стены 
анэспум,3 витрина ,А,3,"слева у стены возле Лактофильтрум, симетикон "
роксера плюс,1 зал,А,2,"слева за отрио, почти возле стены "
викасол,1 зал ,В,2,"левее возле дюфастона, кровоостанавливающее "
трилептал таб,склад ,,,где абуцел
гепавизим,4 витрина ,А,3,"левее центра, где комплексы для печени "
меларена,1 витрина ,В,2,"центр, мелатонин "
ацерумен,5 витрина ,А,3,"справа у стекла, в углу"
спиртовые салфетки,2 склад,А,4,справа за космопорами 
гербион первоцвета,1 витрина ,А,5,
гербион исландский мох,1 витрина ,А,5,
гербион подорожник,1 витрина ,А,5,
ниатира,1 холодильник ,,4,правый край вначале 
аденопросин,3 холодильник ,,1,"слева угол, вначале "
нашатырно-анисовые капли,2 зал ,А,2,"слева, где аскорил"
анастрозол,склад,,,"где абуцел, центр "
кокарнит,4 склад,А,3,"центр, за Дипроспан и Циклоферон "
эплеренон,3 зал ,А,3,справа у стены в начале 
йодосепт,1 холодильник ,,2,"центр, вначале "
аморолфин,4 витрина ,А,4,"справа, ближе к центру, около педикулена "
артро комплекс,4 витрина ,А,2,справа у стены 
дутастерид,1 зал,В,3,где профлосин 
Преднизолон ампулы,4 склад ,В,1,"справа, вначале почти у стены "
диксин,4 склад ,А,2,"центр, начало, аналог диоксидина"
брлмфенак,5 зал,В,3,"правее центра, у стены почти, рядом накван "
индофтальмик,5 зал ,В,3,верхний угол справа 
версатис,3 склад,А,3,правый верхний угол за Меновазин 
фуцикорт,4 витрина,А,4,"слева в начале, у стены "
макрогол,4 зал ,А,4,"слева, около смекты "
бронхо-ваксон,1 витрина ,В,1,аналог бронхомунала 
энцетрон,3 склад,А,4, справа возле роноцита
медрол,1 зал,А,3," справа, около преднизолона"
бромфенак,5 зал,В,3,"левее центра, около виксипина "
азибакта,1 холодильник ,А,5,центр
синефистил,3 зал,А,,
золента,4 склад ,,,где Дипроспан
респеро миртол,1 витрина,А,5,справа у стекла 
леспефрир,склад у компа ,,,
аморолфин,4 витрина,А,4,центр 
тизанил,1 витрина ,В,2,центр 
ляписный карандаш ,3 холодильник ,дверь,,
проноран,склад,комп,,
анвифен,1 витрина ,В,2,спара
экспортал,4 зал,А,4,слева угол 
вартокс,4 витрина,А,5,справа возле 5д
норколут,1 зал,В,2,"слева, у стены "
манорен,1 зал ,В,3,где блемарен 
адиарин,3 витрина ,А,3,"слева у стены вначале, где Эспумизан "
бонисан,3 витрина,А,1,